{
  "accuracy": 0.7915567282321899,
  "classification_report": {
    "cardboard": {
      "precision": 0.9473684210526315,
      "recall": 0.8571428571428571,
      "f1-score": 0.9,
      "support": 126.0
    },
    "glass": {
      "precision": 0.6633165829145728,
      "recall": 0.8516129032258064,
      "f1-score": 0.7457627118644068,
      "support": 155.0
    },
    "metal": {
      "precision": 0.7522123893805309,
      "recall": 0.6692913385826772,
      "f1-score": 0.7083333333333334,
      "support": 127.0
    },
    "paper": {
      "precision": 0.9053254437869822,
      "recall": 0.8693181818181818,
      "f1-score": 0.8869565217391304,
      "support": 176.0
    },
    "plastic": {
      "precision": 0.7575757575757576,
      "recall": 0.7518796992481203,
      "f1-score": 0.7547169811320755,
      "support": 133.0
    },
    "trash": {
      "precision": 0.7096774193548387,
      "recall": 0.5365853658536586,
      "f1-score": 0.6111111111111112,
      "support": 41.0
    },
    "accuracy": 0.7915567282321899,
    "macro avg": {
      "precision": 0.789246002344219,
      "recall": 0.7559717243118836,
      "f1-score": 0.7678134431966761,
      "support": 758.0
    },
    "weighted avg": {
      "precision": 0.8006663494899088,
      "recall": 0.7915567282321899,
      "f1-score": 0.7922016036207453,
      "support": 758.0
    }
  },
  "best_val_f1": 0.7766962099360142,
  "test_acc": 0.7915567282321899,
  "test_macro_f1": 0.7678134431966761,
  "total_params": 2490118,
  "trainable_params": 2490118,
  "trainable_ratio": 1.0,
  "avg_epoch_time_sec": 321.6377071499825
}