{
  "accuracy": 0.7862796833773087,
  "classification_report": {
    "cardboard": {
      "precision": 0.9902912621359223,
      "recall": 0.8095238095238095,
      "f1-score": 0.8908296943231441,
      "support": 126.0
    },
    "glass": {
      "precision": 0.7891156462585034,
      "recall": 0.7483870967741936,
      "f1-score": 0.7682119205298014,
      "support": 155.0
    },
    "metal": {
      "precision": 0.6153846153846154,
      "recall": 0.8818897637795275,
      "f1-score": 0.7249190938511327,
      "support": 127.0
    },
    "paper": {
      "precision": 0.8555555555555555,
      "recall": 0.875,
      "f1-score": 0.8651685393258427,
      "support": 176.0
    },
    "plastic": {
      "precision": 0.7795275590551181,
      "recall": 0.7443609022556391,
      "f1-score": 0.7615384615384615,
      "support": 133.0
    },
    "trash": {
      "precision": 0.6842105263157895,
      "recall": 0.3170731707317073,
      "f1-score": 0.43333333333333335,
      "support": 41.0
    },
    "accuracy": 0.7862796833773087,
    "macro avg": {
      "precision": 0.7856808607842507,
      "recall": 0.7293724571774796,
      "f1-score": 0.7406668404836193,
      "support": 758.0
    },
    "weighted avg": {
      "precision": 0.8015185291083063,
      "recall": 0.7862796833773087,
      "f1-score": 0.7845686794967804,
      "support": 758.0
    }
  },
  "best_val_f1": 0.758877056840234,
  "test_acc": 0.7862796833773087,
  "test_macro_f1": 0.7406668404836193,
  "total_params": 11179590,
  "trainable_params": 3078,
  "trainable_ratio": 0.00027532315585813077,
  "avg_epoch_time_sec": 106.62636461257935
}